1Cor10v14-22_keele.mp3,Keele,1 Corinthians,10:14-22,
1Cor10v1-5_keele.mp3,Keele,1 Corinthians,10:1-5,
1Cor10v23-11v1_keele.mp3,Keele,1 Corinthians,10:23-11:1,
1Cor10v6-13_keele.mp3,Keele,1 Corinthians,10:6-13,
1Cor1v10-17_keele.mp3,Keele,1 Corinthians,1:10-17,
1Cor11v17-22_keele_0.mp3,Keele,1 Corinthians,11:17-22,
1Cor11v2-16_keele.mp3,Keele,1 Corinthians,11:2-16,
1Cor11v23-26_keele.mp3,Keele,1 Corinthians,11:23-26,
1Cor11v27-34_keele.mp3,Keele,1 Corinthians,11:27-34,
1Cor1v1-3_keele.mp3,Keele,1 Corinthians,1:1-3,
1Cor1v18-25_keele.mp3,Keele,1 Corinthians,1:18-25,
1Cor12v1-13_keele.mp3,Keele,1 Corinthians,12:1-13,
1Cor12v14-27_keele.mp3,Keele,1 Corinthians,12:14-27,
1Cor12v27-13v3_keele.mp3,Keele,1 Corinthians,12:27-13:3,
1Cor1v26-31_keele.mp3,Keele,1 Corinthians,1:26-31,
1Cor13v4-13_keele.mp3,Keele,1 Corinthians,13:4-13,
1Cor14v1-19_keele.mp3,Keele,1 Corinthians,14:1-19,
1Cor14v20-25_keele.mp3,Keele,1 Corinthians,14:20-25,
1Cor14v26-40_keele.mp3,Keele,1 Corinthians,14:26-40,
1Cor1v4-9_keele.mp3,Keele,1 Corinthians,1:4-9,
1Cor15v12-19_keele.mp3,Keele,1 Corinthians,15:12-19,
1Cor15v12-22_gregga.mp3,Gregga,1 Corinthians,15:12-22,
1Cor15v1-7_keele.mp3,Keele,1 Corinthians,15:1-7,
1Cor15v20-28_keele.mp3,Keele,1 Corinthians,15:20-28,
1Cor15v29-34_keele.mp3,Keele,1 Corinthians,15:29-34,
1Cor15v35-49_keele.mp3,Keele,1 Corinthians,15:35-49,
1Cor15v50-57_keele.mp3,Keele,1 Corinthians,15:50-57,
1Cor15v58_keele.mp3,Keele,1 Corinthians,15:58,
1Cor15v8-11_keele.mp3,Keele,1 Corinthians,15:8-11,
1Cor16v1-12_keele.mp3,Keele,1 Corinthians,16:1-12,
1Cor16v12-24_keele_0.mp3,Keele,1 Corinthians,16:12-24,
1Cor2v1-5_keele.mp3,Keele,1 Corinthians,2:1-5,
1Cor2v6-16_keele.mp3,Keele,1 Corinthians,2:6-16,
1Cor3v10-17_keele.mp3,Keele,1 Corinthians,3:10-17,
1Cor3v1-4_keele.mp3,Keele,1 Corinthians,3:1-4,
1Cor4v14-21_keele.mp3,Keele,1 Corinthians,4:14-21,
1Cor4v1-5_keele.mp3,Keele,1 Corinthians,4:1-5,
1Cor4v6-13_keele.mp3,Keele,1 Corinthians,4:6-13,
1Cor5v1-8_keele.mp3,Keele,1 Corinthians,5:1-8,
1Cor5v6-13_keele.mp3,Keele,1 Corinthians,5:6-13,
1Cor6v12-20_keele.mp3,Keele,1 Corinthians,6:12-20,
1Cor6v1-8_keele.mp3,Keele,1 Corinthians,6:1-8,
1Cor7v1-11_keele.mp3,Keele,1 Corinthians,7:1-11,
FirstCorinthians7v12-16_Baugh.mp3,Baugh,1 Corinthians,7:12-16,
FirstCorinthians7v12-16_Baugh.mp3,Baugh,1 Corinthians,7:12-16,
FirstCorinthians7v12-16_Baugh.mp3,Baugh,1 Corinthians,7:12-16,
1Cor7v12-16_keele.mp3,Keele,1 Corinthians,7:12-16,
1Cor7v17-24_keele.mp3,Keele,1 Corinthians,7:17-24,
1Cor7v25-40_keele.mp3,Keele,1 Corinthians,7:25-40,
1Cor8_keele.mp3,Keele,1 Corinthians,8,
1Cor9v1-18_keele_0.mp3,Keele,1 Corinthians,9:1-18,
1Cor9v19-27_keele.mp3,Keele,1 Corinthians,9:19-27,
1John1v1-4_bajan.mp3,Bajan,1 John,1:1-4,
1John5v4-13_stofberg.mp3,Stofberg,1 John,5:4-13,
1Peter1v1-2_fesko.mp3,Fesko,1 Peter,1:1-2,
1Samuel10_Keele.mp3,Keele,1 Samuel,10,
1Samuel11_Keele.mp3,Keele,1 Samuel,11,
1Samuel12_Keele.mp3,Keele,1 Samuel,12,
1Samuel13_Keele.mp3,Keele,1 Samuel,13,
1Samuel14v1-23_Keele.mp3,Keele,1 Samuel,14:1-23,
1Samuel14v23-52_Keele.mp3,Keele,1 Samuel,14:23-52,
1Samuel15_Keele.mp3,Keele,1 Samuel,15,
1Samuel16v1-13_Keele.mp3,Keele,1 Samuel,16:1-13,
1Samuel16v14-23_Keele.mp3,Keele,1 Samuel,16:14-23,
1Samuel17_Keele.mp3,Keele,1 Samuel,17,
1Samuel18v1-16_Keele.mp3,Keele,1 Samuel,18:1-16,
1Samuel18v17-30_Keele.mp3,Keele,1 Samuel,18:17-30,
1Samuel19_Keele.mp3,Keele,1 Samuel,19,
1Samuel1_Keele.mp3,Keele,1 Samuel,1,
1Samuel20_Keele.mp3,Keele,1 Samuel,20,
1Samuel2v1-11_Keele.mp3,Keele,1 Samuel,2:1-11,
1Samuel2v11-36_Keele.mp3,Keele,1 Samuel,2:11-36,
1Samuel21_Keele.mp3,Keele,1 Samuel,21,
1Samuel22_Keele.mp3,Keele,1 Samuel,22,
1Samuel23_Keele.mp3,Keele,1 Samuel,23,
1Samuel24_Keele.mp3,Keele,1 Samuel,24,
1Samuel25_Keele.mp3,Keele,1 Samuel,25,
1Samuel26_Keele.mp3,Keele,1 Samuel,26,
1Samuel27v1-28v3_Keele.mp3,Keele,1 Samuel,27:1-28:3,
1Samuel28v3-25_Keele.mp3,Keele,1 Samuel,28:3-25,
1Samuel29v1-30v8_Keele.mp3,Keele,1 Samuel,29:1-30:8,
1Sam29-30_vandrunen.mp3,VanDrunen,1 Samuel,29-30,
1Samuel30_Keele.mp3,Keele,1 Samuel,30,
1Samuel31_Keele.mp3,Keele,1 Samuel,31,
1Samuel31_vandrunen.mp3,VanDrunen,1 Samuel,31,
1Samuel3_Keele.mp3,Keele,1 Samuel,3,
1Samuel4_Keele.mp3,Keele,1 Samuel,4,
1Samuel5_Keele.mp3,Keele,1 Samuel,5,
1Samuel6v1-7v2_Keele.mp3,Keele,1 Samuel,6:1-7:2,
1Samuel8_Keele.mp3,Keele,1 Samuel,8,
1Samuel9_Keele.mp3,Keele,1 Samuel,9,
1Thess1v2-10_keele.mp3,Keele,1 Thessalonians,1:2-10,
1Thess2v1-12_keele_pt1.mp3,Keele,1 Thessalonians,2:1-12,
1Thess2v1-12_keele_pt2.mp3,Keele,1 Thessalonians,2:1-12,
1Thess2v17-20_keele.mp3,Keele,1 Thessalonians,2:17-20,
1Thess3v1-10_keele.mp3,Keele,1 Thessalonians,3:1-10,
1Thess3v11-13_keele.mp3,Keele,1 Thessalonians,3:11-13,
1Thess3v1-5_keele.mp3,Keele,1 Thessalonians,3:1-5,
1Thess4v13-18_keele.mp3,Keele,1 Thessalonians,4:13-18,
1Thess4v1-8_keele.mp3,Keele,1 Thessalonians,4:1-8,
1Thess4v9-12_keele.mp3,Keele,1 Thessalonians,4:9-12,
1Thess5v1-11_keele.mp3,Keele,1 Thessalonians,5:1-11,
1Thess5v12-15_keele.mp3,Keele,1 Thessalonians,5:12-15,
1Thess5v12-24_keele.mp3,Keele,1 Thessalonians,5:12-24,
1Thess5v1-5_keele.mp3,Keele,1 Thessalonians,5:1-5,
1Thess5v23-28_keele.mp3,Keele,1 Thessalonians,5:23-28,
1Timothy1v12-20_Keele.mp3,Keele,1 Timothy,1:12-20,
1Timothy1v1-7_Keele.mp3,Keele,1 Timothy,1:1-7,
1Timothy1v3-11_Keele.mp3,Keele,1 Timothy,1:3-11,
1Timothy2v1-8_Keele.mp3,Keele,1 Timothy,2:1-8,
1Timothy2v9-15_Keele.mp3,Keele,1 Timothy,2:9-15,
1Timothy3v14-4v7_Keele.mp3,Keele,1 Timothy,3:14-4:7,
1Timothy3v1-7_Keele.mp3,Keele,1 Timothy,3:1-7,
1Timothy3v8-16_Keele.mp3,Keele,1 Timothy,3:8-16,
1Timothy4v8-16_Keele.mp3,Keele,1 Timothy,4:8-16,
1Timothy5v1-16_Keele.mp3,Keele,1 Timothy,5:1-16,
1Timothy5v17-6v2_Keele.mp3,Keele,1 Timothy,5:17-6:2,
1Timothy6v11-16_Keele.mp3,Keele,1 Timothy,6:11-16,
1Timothy6v17-21_Keele.mp3,Keele,1 Timothy,6:17-21,
1Timothy6v3-10_Keele.mp3,Keele,1 Timothy,6:3-10,
2Cor12v1-10_Keele.mp3,Keele,2 Corinthians,12:1-10,
2Cor10v12-18_Keele.mp3,Keele,2 Corinthians,10:12-18,
2Cor11v1-15_Keele.mp3,Keele,2 Corinthians,11:1-15,
2Cor1v1-11_keele.mp3,Keele,2 Corinthians,1:1-11,
2Cor11v16-33_Keele.mp3,Keele,2 Corinthians,11:16-33,
2Cor1v12-24_keele.mp3,Keele,2 Corinthians,1:12-24,
2Cor12v11-21_Keele.mp3,Keele,2 Corinthians,12:11-21,
2Cor13v1-10_Keele.mp3,Keele,2 Corinthians,13:1-10,
2Cor13v11-13_Keele.mp3,Keele,2 Corinthians,13:11-13,
2Cor2v1-11_keele.mp3,Keele,2 Corinthians,2:1-11,
2Cor2v12-17_keele.mp3,Keele,2 Corinthians,2:12-17,
2Cor3v1-11_keele.mp3,Keele,2 Corinthians,3:1-11,
2Cor3v7-18_keele.mp3,Keele,2 Corinthians,3:7-18,
2Cor4v16-5v5_keele.mp3,Keele,2 Corinthians,4:16-5:5,
2Cor4v1-6_keele.mp3,Keele,2 Corinthians,4:1-6,
2Cor4v7-15_keele.mp3,Keele,2 Corinthians,4:7-15,
2Cor5v16-21_Keele.mp3,Keele,2 Corinthians,5:16-21,
2Cor5v6-15_keele.mp3,Keele,2 Corinthians,5:6-15,
2Cor6v1-13_keele.mp3,Keele,2 Corinthians,6:1-13,
2Cor6v14-7v1_keele.mp3,Keele,2 Corinthians,6:14-7:1,
2Cor7v10-16_keele.mp3,Keele,2 Corinthians,7:10-16,
2Cor7v2-9_keele.mp3,Keele,2 Corinthians,7:2-9,
2Cor8v1-15_keele.mp3,Keele,2 Corinthians,8:1-15,
2Cor8v16-9v5_keele.mp3,Keele,2 Corinthians,8:16-9:5,
2Cor9v6-15_keele.mp3,Keele,2 Corinthians,9:6-15,
2John1v1-6_Keele.mp3,Keele,2 John,1:1-6,
2John1v7-13_Keele.mp3,Keele,2 John,1:7-13,
2Samuel10_Keele.mp3,Keele,2 Samuel,10,
2Samuel11_Keele.mp3,Keele,2 Samuel,11,
2Samuel12v1-15_Keele.mp3,Keele,2 Samuel,12:1-15,
2Samuel12v15-31_Keele.mp3,Keele,2 Samuel,12:15-31,
2Samuel13v23-39_Keele.mp3,Keele,2 Samuel,13:23-39,
2Samuel14v1-24_Keele.mp3,Keele,2 Samuel,14:1-24,
2Samuel14v25-15v12_Keele.mp3,Keele,2 Samuel,14:25-15:12,
2Samuel15v13-37_Keele.mp3,Keele,2 Samuel,15:13-37,
2Samuel16_Keele.mp3,Keele,2 Samuel,16,
2Samuel17_Keele.mp3,Keele,2 Samuel,17,
2Samuel18v1-18_Keele.mp3,Keele,2 Samuel,18:1-18,
2Samuel19v10-44_Keele.mp3,Keele,2 Samuel,19:10-44,
2Samuel1_Keele.mp3,Keele,2 Samuel,1,
2Samuel20_Keele.mp3,Keele,2 Samuel,20,
2Samuel21v1-14_Keele.mp3,Keele,2 Samuel,21:1-14,
2Samuel2v1-11_Keele.mp3,Keele,2 Samuel,2:1-11,
2Samuel21v15-22v20_Keele.mp3,Keele,2 Samuel,21:15-22:20,
2Samuel2v12-32_Keele.mp3,Keele,2 Samuel,2:12-32,
2Samuel22_Keele.mp3,Keele,2 Samuel,22,
2Samuel23v1-7_Keele.mp3,Keele,2 Samuel,23:1-7,
2Samuel23v8-39_Keele.mp3,Keele,2 Samuel,23:8-39,
2Samuel24v25_Keele.mp3,Keele,2 Samuel,24:25,
2Samuel24_Keele.mp3,Keele,2 Samuel,24,
2Samuel3_Keele.mp3,Keele,2 Samuel,3,
2Samuel4v1-5v5_Keele.mp3,Keele,2 Samuel,4:1-5:5,
2Samuel5v6-25_Keele.mp3,Keele,2 Samuel,5:6-25,
2Samuel6_Keele.mp3,Keele,2 Samuel,6,
2Samuel7v1-17_Keele.mp3,Keele,2 Samuel,7:1-17,
2Samuel7v18-29_Keele.mp3,Keele,2 Samuel,7:18-29,
2Samuel8_Keele.mp3,Keele,2 Samuel,8,
2Samuel9_Keele.mp3,Keele,2 Samuel,9,
2Thess1v11-12_keele.mp3,Keele,2 Thessalonians,1:11-12,
2Thess1v1-5_keele.mp3,Keele,2 Thessalonians,1:1-5,
2Thess1v3-10_keele.mp3,Keele,2 Thessalonians,1:3-10,
2Thess2v1-12_pt1_keele.mp3,Keele,2 Thessalonians,2:1-12,
2Thess2v1-12_pt2_keele.mp3,Keele,2 Thessalonians,2:1-12,
2Thess2v13-3v5_keele.mp3,Keele,2 Thessalonians,2:13-3:5,
2Thess3v6-12_keele.mp3,Keele,2 Thessalonians,3:6-12,
2Timothy1v15-2v7_Keele.mp3,Keele,2 Timothy,1:15-2:7,
2Timothy1v1-7_Keele.mp3,Keele,2 Timothy,1:1-7,
2Timothy1v8-14_Keele.mp3,Keele,2 Timothy,1:8-14,
2Timothy2v14-21_Keele.mp3,Keele,2 Timothy,2:14-21,
2Timothy2v22-29_Keele.mp3,Keele,2 Timothy,2:22-29,
2Timothy2v8-14_Keele.mp3,Keele,2 Timothy,2:8-14,
2Timothy3v10-17_Keele.mp3,Keele,2 Timothy,3:10-17,
2Timothy4v1-8_Keele.mp3,Keele,2 Timothy,4:1-8,
2Timothy4v9-22_Keele.mp3,Keele,2 Timothy,4:9-22,
3John1v1-15_Keele.mp3,Keele,3 John,1:1-15,
Acts11v1-17_keele.mp3,Keele,Acts,11:1-17,
Acts1v1-11_keele.mp3,Keele,Acts,1:1-11,
Acts11v19-30_keele.mp3,Keele,Acts,11:19-30,
Acts1v12-26_keele.mp3,Keele,Acts,1:12-26,
Acts1v1-8_keele.mp3,Keele,Acts,1:1-8,
Acts12v1-23_keele.mp3,Keele,Acts,12:1-23,
Acts12v24-13v12_keele.mp3,Keele,Acts,12:24-13:12,
Acts13v13-39_keele.mp3,Keele,Acts,13:13-39,
Acts13v32-39_keele.mp3,Keele,Acts,13:32-39,
Acts13v36-52_keele.mp3,Keele,Acts,13:36-52,
Acts14v1-18_keele.mp3,Keele,Acts,14:1-18,
Acts14v19-28_keele.mp3,Keele,Acts,14:19-28,
Acts15v1-11_keele.mp3,Keele,Acts,15:1-11,
Acts15v12-21_keele.mp3,Keele,Acts,15:12-21,
Acts15v22-35_keele.mp3,Keele,Acts,15:22-35,
Acts15v36-16v10_keele.mp3,Keele,Acts,15:36-16:10,
Acts16v11-24_keele.mp3,Keele,Acts,16:11-24,
Acts16v25-40_keele.mp3,Keele,Acts,16:25-40,
Acts17v10-21_keele.mp3,Keele,Acts,17:10-21,
Acts17v1-9_keele.mp3,Keele,Acts,17:1-9,
Acts17v22-34_keele.mp3,Keele,Acts,17:22-34,
Acts18v1-11_keele.mp3,Keele,Acts,18:1-11,
Acts18v22-19v9_keele.mp3,Keele,Acts,18:22-19:9,
Acts18v5-22_keele.mp3,Keele,Acts,18:5-22,
Acts19v21-41_keele.mp3,Keele,Acts,19:21-41,
Acts19v8-20_keele.mp3,Keele,Acts,19:8-20,
Acts20v1-12_keele.mp3,Keele,Acts,20:1-12,
Acts20v13-24_keele.mp3,Keele,Acts,20:13-24,
Acts20v17-38_keele.mp3,Keele,Acts,20:17-38,
Acts20v25-32_keele.mp3,Keele,Acts,20:25-32,
Acts21v1-16_keele.mp3,Keele,Acts,21:1-16,
Acts2v1-13_keele_0.mp3,Keele,Acts,2:1-13,
Acts21v17-30_keele.mp3,Keele,Acts,21:17-30,
Acts21v30-22v22_keele.mp3,Keele,Acts,21:30-22:22,
Acts22v22-23v11_keele.mp3,Keele,Acts,22:22-23:11,
Acts2v22-41_keele.mp3,Keele,Acts,2:22-41,
Acts23v12-35_keele.mp3,Keele,Acts,23:12-35,
Acts2v37-41_keele.mp3,Keele,Acts,2:37-41,
Acts24v10-27_keele.mp3,Keele,Acts,24:10-27,
Acts24v1-21_keele.mp3,Keele,Acts,24:1-21,
Acts2v41-47_keele.mp3,Keele,Acts,2:41-47,
Acts25v1-12_keele.mp3,Keele,Acts,25:1-12,
Acts26v1-18_keele.mp3,Keele,Acts,26:1-18,
Acts28v1-10_keele.mp3,Keele,Acts,28:1-10,
Acts28v11-22_keele.mp3,Keele,Acts,28:11-22,
Acts28v17-28_keele.mp3,Keele,Acts,28:17-28,
Acts3v1-10_keele.mp3,Keele,Acts,3:1-10,
Acts8v1-25_keele.mp3,Keele,Acts,8:1-25,
Deut1v1-46_keele.mp3,Keele,Deuteronomy,1:1-46,
Deut1v1-5_keele.mp3,Keele,Deuteronomy,1:1-5,
Deut15_keele.mp3,Keele,Deuteronomy,15,
Deut16v1-17_keele.mp3,Keele,Deuteronomy,16:1-17,
Deut16v18-17v13_keele.mp3,Keele,Deuteronomy,16:18-17:13,
Deut17v14-20_keele.mp3,Keele,Deuteronomy,17:14-20,
Deut20_keele.mp3,Keele,Deuteronomy,20,
Deut2v24-3v17_keele.mp3,Keele,Deuteronomy,2:24-3:17,
Deut22_keele.mp3,Keele,Deuteronomy,22,
Deut23_keele.mp3,Keele,Deuteronomy,23,
Deut25_keele.mp3,Keele,Deuteronomy,25,
Deut26_keele.mp3,Keele,Deuteronomy,26,
Deut28v1-14_keele.mp3,Keele,Deuteronomy,28:1-14,
Deut28v15-29v1_keele.mp3,Keele,Deuteronomy,28:15-29:1,
Deut29v2-29_keele.mp3,Keele,Deuteronomy,29:2-29,
Deut30v1-10_keele.mp3,Keele,Deuteronomy,30:1-10,
Deut30v11-20_keele.mp3,Keele,Deuteronomy,30:11-20,
Deut31v1-29_keele.mp3,Keele,Deuteronomy,31:1-29,
Deut31v19-32v14_keele.mp3,Keele,Deuteronomy,31:19-32:14,
Deut3v18-29_keele.mp3,Keele,Deuteronomy,3:18-29,
Deut32v1-25_keele.mp3,Keele,Deuteronomy,32:1-25,
Deut32v1-44_keele.mp3,Keele,Deuteronomy,32:1-44,
Deut33v1-11_keele.mp3,Keele,Deuteronomy,33:1-11,
Deut34_keele.mp3,Keele,Deuteronomy,34,
Deut4v1-31_keele.mp3,Keele,Deuteronomy,4:1-31,
Deut4v32-40_keele.mp3,Keele,Deuteronomy,4:32-40,
Deut4v41-5v5_keele.mp3,Keele,Deuteronomy,4:41-5:5,
Deut5v1-11_keele.mp3,Keele,Deuteronomy,5:1-11,
Deut5v1-21_keele.mp3,Keele,Deuteronomy,5:1-21,
Deut5v6-17_keele.mp3,Keele,Deuteronomy,5:6-17,
Deut5v6-18_keele.mp3,Keele,Deuteronomy,5:6-18,
Deut5v6-19_keele.mp3,Keele,Deuteronomy,5:6-19,
Deut5v6-20_keele.mp3,Keele,Deuteronomy,5:6-20,
Deut8_keele.mp3,Keele,Deuteronomy,8,
Deut4v25-40_and_Deut30_keele.mp3,Keele,Deuteronomy,4:25-40,
Ecc10v8-11v6_keele.mp3,Keele,Ecclesiastes,10:8-11:6,
Ecc1v1-11_keele.mp3,Keele,Ecclesiastes,1:1-11,
Ecc1v12-18_keele.mp3,Keele,Ecclesiastes,1:12-18,
Ecc1v1-3_keele.mp3,Keele,Ecclesiastes,1:1-3,
Ecc11v7-12v8_keele.mp3,Keele,Ecclesiastes,11:7-12:8,
Ecc12v9-14_keele.mp3,Keele,Ecclesiastes,12:9-14,
Ecc2_keele.mp3,Keele,Ecclesiastes,2,
Ecc3v1-15_keele.mp3,Keele,Ecclesiastes,3:1-15,
Ecc3v16-22_keele.mp3,Keele,Ecclesiastes,3:16-22,
Ecc4_keele.mp3,Keele,Ecclesiastes,4,
Ecc5v1-7_keele.mp3,Keele,Ecclesiastes,5:1-7,
Ecc5v8-6v9_keele.mp3,Keele,Ecclesiastes,5:8-6:9,
Ecc6v10-7v14.mp3,Keele,Ecclesiastes,6:10-7:14,
Ecc7v15-29_keele.mp3,Keele,Ecclesiastes,7:15-29,
Ecc8_keele.mp3,Keele,Ecclesiastes,8,
Ecc9v11-10v7_keele.mp3,Keele,Ecclesiastes,9:11-10:7,
Eph4v11-16_baugh.mp3,Baugh,Ephesians,4:11-16,
Eph5v21-33_gregga.mp3,Gregga,Ephesians,5:21-33,
Esther10v1-3_Keele.mp3,Keele,Esther,10:1-3,
Esther1v10-22_Keele.mp3,Keele,Esther,1:10-22,
Esther1v1-9_Keele.mp3,Keele,Esther,1:1-9,
Esther2v1-20_Keele.mp3,Keele,Esther,2:1-20,
Esther2v21-3v15_Keele.mp3,Keele,Esther,2:21-3:15,
Esther4_Keele.mp3,Keele,Esther,4,
Esther5_Keele.mp3,Keele,Esther,5,
Esther6_Keele.mp3,Keele,Esther,6,
Esther7_Keele.mp3,Keele,Esther,7,
Esther8_Keele.mp3,Keele,Esther,8,
Esther9v1-19_Keele.mp3,Keele,Esther,9:1-19,
Esther9v20-32_Keele.mp3,Keele,Esther,9:20-32,
Ezekiel10_Keele.mp3,Keele,Ezekiel,10,
Ezekiel11_Keele.mp3,Keele,Ezekiel,11,
Ezekiel12_Keele.mp3,Keele,Ezekiel,12,
Ezekiel13_Keele.mp3,Keele,Ezekiel,13,
Ezekiel14_Keele.mp3,Keele,Ezekiel,14,
Ezekiel15_Keele.mp3,Keele,Ezekiel,15,
Ezekiel16_Keele.mp3,Keele,Ezekiel,16,
Ezekiel17_Keele.mp3,Keele,Ezekiel,17,
Ezekiel18_Keele.mp3,Keele,Ezekiel,18,
Ezekiel19_Keele.mp3,Keele,Ezekiel,19,
Ezekiel1_Keele.mp3,Keele,Ezekiel,1,
Ezekiel20v1-44_Keele.mp3,Keele,Ezekiel,20:1-44,
Ezekiel20v45-21v32_Keele.mp3,Keele,Ezekiel,20:45-21:32,
Ezekiel2v1-3v11_Keele.mp3,Keele,Ezekiel,2:1-3:11,
Ezekiel22_Keele.mp3,Keele,Ezekiel,22,
Ezekiel23_Keele.mp3,Keele,Ezekiel,23,
Ezekiel24v1-14_Keele.mp3,Keele,Ezekiel,24:1-14,
Ezekiel25_Keele.mp3,Keele,Ezekiel,25,
Ezekiel26_Keele.mp3,Keele,Ezekiel,26,
Ezekiel27_Keele.mp3,Keele,Ezekiel,27,
Ezekiel28_Keele.mp3,Keele,Ezekiel,28,
Ezekiel29_Keele.mp3,Keele,Ezekiel,29,
Ezekiel30_Keele.mp3,Keele,Ezekiel,30,
Ezekiel3v12-27_Keele.mp3,Keele,Ezekiel,3:12-27,
Ezekiel31_Keele.mp3,Keele,Ezekiel,31,
Ezekiel32_Keele.mp3,Keele,Ezekiel,32,
Ezekiel33v1-20_Keele.mp3,Keele,Ezekiel,33:1-20,
Ezekiel34_Keele.mp3,Keele,Ezekiel,34,
Ezekiel34_Keele.mp3,Keele,Ezekiel,34,
Ezekiel34_Keele.mp3,Keele,Ezekiel,34,
Ezekiel35v1-36v15_Keele.mp3,Keele,Ezekiel,35:1-36:15,
Ezekiel35v1-36v15_Keele.mp3,Keele,Ezekiel,35:1-36:15,
Ezekiel35v1-36v15_Keele.mp3,Keele,Ezekiel,35:1-36:15,
Ezekiel36v16-38_Keele.mp3,Keele,Ezekiel,36:16-38,
Ezekiel36v16-38_Keele.mp3,Keele,Ezekiel,36:16-38,
Ezekiel36v16-38_Keele.mp3,Keele,Ezekiel,36:16-38,
Ezekiel37_clawson.mp3,Clawson,Ezekiel,37,
Ezekiel4_Keele.mp3,Keele,Ezekiel,4,
Ezekiel5_Keele.mp3,Keele,Ezekiel,5,
Ezekiel6_Keele.mp3,Keele,Ezekiel,6,
Ezekiel7_Keele.mp3,Keele,Ezekiel,7,
Ezekiel8_Keele.mp3,Keele,Ezekiel,8,
Ezekiel9_Keele.mp3,Keele,Ezekiel,9,
Ezra1v1-8_keele.mp3,Keele,Ezra,1:1-8,
Ezra1v5-2v70_keele.mp3,Keele,Ezra,1:5-2:70,
Ezra3_keele_0.mp3,Keele,Ezra,3,
Ezra4_keele.mp3,Keele,Ezra,4,
Ezra1_Ezra6v13-22_Nehemiah13v30-31_keele.mp3,Keele,Ezra-Nehemiah,(overview)
Gal2v1-10_vandrunen.mp3,VanDrunen,Galatians,2:1-10,
Gal4v1-11_vandrunen.mp3,VanDrunen,Galatians,4:1-11,
Galatians5v16-6v2_vandrunen.mp3,VanDrunen,Galatians,5:16-6:2,
Gal6v11-18_vandrunen.mp3,VanDrunen,Galatians,6:11-18,
Genesis11v1-9_stofberg.mp3,Stofberg,Genesis,11:1-9,
Gen19v1-29_vandrunen.mp3,VanDrunen,Genesis,19:1-29,
Habakkuk1v1-11_Garcia.mp3,Garcia,Habakkuk,1:1-11,
Habakkuk1v12-2v1_Garcia.mp3,Garcia,Habakkuk,1:12-2:1,
Habakkuk2v1-5_Garcia.mp3,Garcia,Habakkuk,2:1-5,
Habakkuk2v6-20_Garcia.mp3,Garcia,Habakkuk,2:6-20,
Habakkuk3_Garcia.mp3,Garcia,Habakkuk,3,
Hebrews2v14-18_chelpka.mp3,Chelpka,Hebrews,2:14-18,
Hosea10_keele.mp3,Keele,Hosea,10,
Hosea1v1-2v1_keele.mp3,Keele,Hosea,1:1-2:1,
Hosea1v1-3_keele.mp3,Keele,Hosea,1:1-3,
Hosea11_keele.mp3,Keele,Hosea,11,
Hosea12_keele.mp3,Keele,Hosea,12,
Hosea13_keele.mp3,Keele,Hosea,13,
Hosea14v1-9_keele.mp3,Keele,Hosea,14:1-9,
Hosea2v14-23_keele.mp3,Keele,Hosea,2:14-23,
Hosea2v2-13_keele.mp3,Keele,Hosea,2:2-13,
Hosea3_keele.mp3,Keele,Hosea,3,
Hosea5v8-6v6_keele.mp3,Keele,Hosea,5:8-6:6,
Hosea5_keele.mp3,Keele,Hosea,5,
Hosea6v4-7v16_keele.mp3,Keele,Hosea,6:4-7:16,
Hosea8_keele.mp3,Keele,Hosea,8,
Hosea9_keele.mp3,Keele,Hosea,9,
Isaiah25v1-9_Keele.mp3,Keele,Isaiah,25:1-9,
Isaiah26v1-27v1_Keele.mp3,Keele,Isaiah,26:1-27:1,
James1v13-18_Keele.mp3,Keele,James,1:13-18,
James1v1-4_Keele.mp3,Keele,James,1:1-4,
James1v19-27_Keele.mp3,Keele,James,1:19-27,
James1v5-12_Keele.mp3,Keele,James,1:5-12,
James2v1-13_Keele.mp3,Keele,James,2:1-13,
James2v14-26_Keele.mp3,Keele,James,2:14-26,
James3v10-18_Keele.mp3,Keele,James,3:10-18,
James3v1-12_Keele.mp3,Keele,James,3:1-12,
James4v1-10_Keele.mp3,Keele,James,4:1-10,
James4v11-17_Keele.mp3,Keele,James,4:11-17,
James5v1-12_Keele.mp3,Keele,James,5:1-12,
James5v13-20_Keele.mp3,Keele,James,5:13-20,
Jer10_keele.mp3,Keele,Jeremiah,10,
Jer1v1-12_keele.mp3,Keele,Jeremiah,1:1-12,
Jer11_keele.mp3,Keele,Jeremiah,11,
Jer12_keele.mp3,Keele,Jeremiah,12,
Jer13_keele.mp3,Keele,Jeremiah,13,
Jer14v1-15v4_keele.mp3,Keele,Jeremiah,14:1-15:4,
Jer1v4-19_keele.mp3,Keele,Jeremiah,1:4-19,
Jer15v5-21_keele.mp3,Keele,Jeremiah,15:5-21,
Jeremiah16_keele.mp3,Keele,Jeremiah,16,
Jeremiah17_Keele.mp3,Keele,Jeremiah,17,
Jeremiah18_Keele.mp3,Keele,Jeremiah,18,
Jeremiah19_Keele.mp3,Keele,Jeremiah,19,
Jeremiah20_Keele.mp3,Keele,Jeremiah,20,
Jeremiah_21_Keele.mp3,Keele,Jeremiah,21,
Jeremiah22v1-23-23-8_Keele.mp3,Keele,Jeremiah,22:1-23:8,
Jeremiah23v9-40_Keele.mp3,Keele,Jeremiah,23:9-40,
Jeremiah24_Keele.mp3,Keele,Jeremiah,24,
Jeremiah25_Keele.mp3,Keele,Jeremiah,25,
Jeremiah26_Keele.mp3,Keele,Jeremiah,26,
Jeremiah27_Keele.mp3,Keele,Jeremiah,27,
Jeremiah28_Keele.mp3,Keele,Jeremiah,28,
Jeremiah29_Keele.mp3,Keele,Jeremiah,29,
Jer2_keele.mp3,Keele,Jeremiah,2,
Jeremiah30_Keele.mp3,Keele,Jeremiah,30,
Jeremiah31v1-22_Keele.mp3,Keele,Jeremiah,31:1-22,
Jeremiah31v23-40_Keele.mp3,Keele,Jeremiah,31:23-40,
Jer3v1-4v2_keele.mp3,Keele,Jeremiah,3:1-4:2,
Jeremiah_32_Keele.mp3,Keele,Jeremiah,32,
Jeremiah33_Keele.mp3,Keele,Jeremiah,33,
Jeremiah34_Keele.mp3,Keele,Jeremiah,34,
Jeremiah35_Keele.mp3,Keele,Jeremiah,35,
Jeremiah36_Keele.mp3,Keele,Jeremiah,36,
Jeremiah37_Keele.mp3,Keele,Jeremiah,37,
Jeremiah38_Keele.mp3,Keele,Jeremiah,38,
Jeremiah39_Keele.mp3,Keele,Jeremiah,39,
Jeremiah40v1-41v18_Keele.mp3,Keele,Jeremiah,40:1-41:18,
Jeremiah42_Keele.mp3,Keele,Jeremiah,42,
Jer4v3-31_keele.mp3,Keele,Jeremiah,4:3-31,
Jeremiah43_Keele.mp3,Keele,Jeremiah,43,
Jeremiah44_Keele.mp3,Keele,Jeremiah,44,
Jeremiah46_Keele.mp3,Keele,Jeremiah,46,
Jeremiah47v1-48v13_Keele.mp3,Keele,Jeremiah,47:1-48:13,
Jeremiah48v14-47_Keele.mp3,Keele,Jeremiah,48:14-47,
Jeremiah49v1-22_Keele.mp3,Keele,Jeremiah,49:1-22,
Jeremiah49v23-39_Keele.mp3,Keele,Jeremiah,49:23-39,
Jeremiah50_Keele.mp3,Keele,Jeremiah,50,
Jeremiah51_Keele.mp3,Keele,Jeremiah,51,
Jeremiah52v1-30_Keele.mp3,Keele,Jeremiah,52:1-30,
Jer5_keele.mp3,Keele,Jeremiah,5,
Jer6_keele.mp3,Keele,Jeremiah,6,
Jer7v1-8v3_keele.mp3,Keele,Jeremiah,7:1-8:3,
Jer8v4-9v3_keele.mp3,Keele,Jeremiah,8:4-9:3,
Jer9v3-26_keele.mp3,Keele,Jeremiah,9:3-26,
John10v22-30_Keele.mp3,Keele,John,10:22-30,
John10v7-21_Keele.mp3,Keele,John,10:7-21,
John11v1-16_Keele.mp3,Keele,John,11:1-16,
John11v17-27_Keele_0.mp3,Keele,John,11:17-27,
John11v28-44_Keele.mp3,Keele,John,11:28-44,
John11v45-57_Keele.mp3,Keele,John,11:45-57,
John1v1-8.mp3,Keele,John,1:1-8,
John1v19-34_Keele.mp3,Keele,John,1:19-34,
John12v1-8_Keele.mp3,Keele,John,12:1-8,
John12v20-33_Keele.mp3,Keele,John,12:20-33,
John12v34-50_Keele.mp3,Keele,John,12:34-50,
John12v9-19_Keele.mp3,Keele,John,12:9-19,
John13v1-11_Keele.mp3,Keele,John,13:1-11,
John13v12-20.mp3,Keele,John,13:12-20,
John13v21-30_Keele.mp3,Keele,John,13:21-30,
John13v31-38-Keele.mp3,Keele,John,13:31-38,
John1v35-51_Keele.mp3,Keele,John,1:35-51,
John14v1-11_Keele.mp3,Keele,John,14:1-11,
John14v12-21_Keele.mp3,Keele,John,14:12-21,
John14v22-31_Keele.mp3,Keele,John,14:22-31,
John15v1-8_Keele.mp3,Keele,John,15:1-8,
John16v16-24_Keele.mp3,Keele,John,16:16-24,
John16v25-33_Keele.mp3,Keele,John,16:25-33,
John16v4-15_Keele.mp3,Keele,John,16:4-15,
John17v14-19_Keele.mp3,Keele,John,17:14-19,
John17v1-5_Keele_1.mp3,Keele,John,17:1-5,
John17v20-26_Keele.mp3,Keele,John,17:20-26,
John17v6-13_Keele.mp3,Keele,John,17:6-13,
John17_chelpka.mp3,Chelpka,John,17,
John18v1-11_Keele.mp3,Keele,John,18:1-11,
John18v12-27_Keele.mp3,Keele,John,18:12-27,
John18v28-32_Keele.mp3,Keele,John,18:28-32,
John19v1-7_Keele.mp3,Keele,John,19:1-7,
John1v9-18_Keele.mp3,Keele,John,1:9-18,
John19v19-27_Keele.mp3,Keele,John,19:19-27,
John19v28-37_Keele.mp3,Keele,John,19:28-37,
John19v36-42_Keele.mp3,Keele,John,19:36-42,
John19v8-18_Keele.mp3,Keele,John,19:8-18,
John20v10-18_Keele.mp3,Keele,John,20:10-18,
John20v1-10_Keele.mp3,Keele,John,20:1-10,
John20v19-23_Keele.mp3,Keele,John,20:19-23,
John20v24-31_Keele.mp3,Keele,John,20:24-31,
John21v1-14_Keele.mp3,Keele,John,21:1-14,
John2v1-11_Keele.mp3,Keele,John,2:1-11,
John21v15-19_Keele.mp3,Keele,John,21:15-19,
John21v20-25_Keele.mp3,Keele,John,21:20-25,
John2v12-22_Keele.mp3,Keele,John,2:12-22,
John2v23-3v15_Keele.mp3,Keele,John,2:23-3:15,
John3v16-21_Keele.mp3,Keele,John,3:16-21,
John3v22-36_Keele.mp3,Keele,John,3:22-36,
John4v1-26_Keele.mp3,Keele,John,4:1-26,
John4v27-42_Keele.mp3,Keele,John,4:27-42,
John4v43-54_Keele.mp3,Keele,John,4:43-54,
John5v1-18_Keele.mp3,Keele,John,5:1-18,
John5v19-30_Keele.mp3,Keele,John,5:19-30,
John5v31-47_Keele.mp3,Keele,John,5:31-47,
John6v1-21_Keele.mp3,Keele,John,6:1-21,
John6v22-40_Keele.mp3,Keele,John,6:22-40,
John6v41-59_Keele.mp3,Keele,John,6:41-59,
John6v60-71_Keele.mp3,Keele,John,6:60-71,
John7v1-24_Keele.mp3,Keele,John,7:1-24,
John7v25-39_Keele.mp3,Keele,John,7:25-39,
John7v40-8v12_Keele.mp3,Keele,John,7:40-8:12,
John8v12-30_Keele.mp3,Keele,John,8:12-30,
John8v30-47_Keele.mp3,Keele,John,8:30-47,
John8v48-59_Keele.mp3,Keele,John,8:48-59,
John9v1-12-Keele.mp3,Keele,John,9:1-12,
John9v35-10v6_Keele.mp3,Keele,John,9:35-10:6,
Judges10v1-16_keele.mp3,Keele,Judges,10:1-16,
Judges10v17-11v11_keele.mp3,Keele,Judges,10:17-11:11,
Judges11v12-40_keele.mp3,Keele,Judges,11:12-40,
Judges12v1-7_keele.mp3,Keele,Judges,12:1-7,
Judges12v8-13v7_keele.mp3,Keele,Judges,12:8-13:7,
Judges14_keele.mp3,Keele,Judges,14,
Judges15_keele.mp3,Keele,Judges,15,
Judges16_keele.mp3,Keele,Judges,16,
Judges17_keele.mp3,Keele,Judges,17,
Judges18_keele.mp3,Keele,Judges,18,
Judges19v1-28_keele.mp3,Keele,Judges,19:1-28,
Judges19v27-20v48_keele.mp3,Keele,Judges,19:27-20:48,
Judges2v1-5_keele_0.mp3,Keele,Judges,2:1-5,
Judges2v16-3v6_keele_0.mp3,Keele,Judges,2:16-3:6,
Judges21_keele.mp3,Keele,Judges,21,
Judges2v6-19_keele_0.mp3,Keele,Judges,2:6-19,
Judges3v12-30_keele.mp3,Keele,Judges,3:12-30,
Judges3v31-4v24_keele.mp3,Keele,Judges,3:31-4:24,
Judges3v7-11_keele.mp3,Keele,Judges,3:7-11,
Judges5v1-23_keele.mp3,Keele,Judges,5:1-23,
Judges5v24-31_keele.mp3,Keele,Judges,5:24-31,
Judges7v24-8v32_keele.mp3,Keele,Judges,7:24-8:32,
Judges8v29-9v21_keele.mp3,Keele,Judges,8:29-9:21,
Judges9v22-57_keele.mp3,Keele,Judges,9:22-57,
Lamentations1_vandrunen.mp3,VanDrunen,Lamentations,1,
Lamentations2_vandrunen.mp3,VanDrunen,Lamentations,2,
Lamentations3_vanDrunen.mp3,VanDrunen,Lamentations,3,
Lamentations4_VanDrunen.mp3,VanDrunen,Lamentations,4,
Leviticus10v1-7_keele.mp3,Keele,Leviticus,10:1-7,
Leviticus10v8-20_keele.mp3,Keele,Leviticus,10:8-20,
Leviticus11v1-23_keele.mp3,Keele,Leviticus,11:1-23,
Leviticus1v1-2_keele.mp3,Keele,Leviticus,1:1-2,
Leviticus12_keele.mp3,Keele,Leviticus,12,
Leviticus13_keele.mp3,Keele,Leviticus,13,
Leviticus14v1-32_keele.mp3,Keele,Leviticus,14:1-32,
Leviticus14v33-57_keele.mp3,Keele,Leviticus,14:33-57,
Leviticus15_keele_0.mp3,Keele,Leviticus,15,
Leviticus16v1-19_keele.mp3,Keele,Leviticus,16:1-19,
Leviticus17_keele.mp3,Keele,Leviticus,17,
Leviticus18v1-5_keele.mp3,Keele,Leviticus,18:1-5,
Leviticus18_keele.mp3,Keele,Leviticus,18,
Leviticus19_keele.mp3,Keele,Leviticus,19,
Leviticus1_keele.mp3,Keele,Leviticus,1,
Leviticus21_keele.mp3,Keele,Leviticus,21,
Leviticus22_keele.mp3,Keele,Leviticus,22,
Leviticus23v1-14_keele.mp3,Keele,Leviticus,23:1-14,
Leviticus23v23-44_keele.mp3,Keele,Leviticus,23:23-44,
Leviticus24v10-23_keele.mp3,Keele,Leviticus,24:10-23,
Leviticus24v1-9_keele.mp3,Keele,Leviticus,24:1-9,
Leviticus26v1-13_keele.mp3,Keele,Leviticus,26:1-13,
Leviticus26v14-46_keele.mp3,Keele,Leviticus,26:14-46,
Leviticus27v14-33_keele.mp3,Keele,Leviticus,27:14-33,
Leviticus27v34_keele.mp3,Keele,Leviticus,27:34,
Leviticus2_keele.mp3,Keele,Leviticus,2,
Leviticus3_keele.mp3,Keele,Leviticus,3,
Leviticus4_keele.mp3,Keele,Leviticus,4,
Leviticus5v1-13_keele.mp3,Keele,Leviticus,5:1-13,
Leviticus5v14-6v7_keele.mp3,Keele,Leviticus,5:14-6:7,
Leviticus6v8-7v10_keele.mp3,Keele,Leviticus,6:8-7:10,
Leviticus7v11-38_keele.mp3,Keele,Leviticus,7:11-38,
Leviticus8v1-13_keele.mp3,Keele,Leviticus,8:1-13,
Luke10v1-16_Keele.mp3,Keele,Luke,10:1-16,
Luke10v17-24_Keele.mp3,Keele,Luke,10:17-24,
Luke10v25-28_Keele.mp3,Keele,Luke,10:25-28,
Luke10v25-37_Keele.mp3,Keele,Luke,10:25-37,
Luke10v38-42_Keele.mp3,Keele,Luke,10:38-42,
Luke11v1-4_Keele.mp3,Keele,Luke,11:1-4,
Luke1v13-25_Keele.mp3,Keele,Luke,1:13-25,
Luke1v1-4_Keele.mp3,Keele,Luke,1:1-4,
Luke1v26-38_Keele.mp3,Keele,Luke,1:26-38,
Luke1v39-45_Keele.mp3,Keele,Luke,1:39-45,
Luke14v25-35_stofberg.mp3,Stofberg,Luke,14:25-35,
Luke1v46-56_Keele.mp3,Keele,Luke,1:46-56,
Luke1v5-17_Keele.mp3,Keele,Luke,1:5-17,
Luke2v1-7_Keele.mp3,Keele,Luke,2:1-7,
Luke2v21-32_Keele.mp3,Keele,Luke,2:21-32,
Luke2v42-52_Keele.mp3,Keele,Luke,2:42-52,
Luke2v8-20_Keele.mp3,Keele,Luke,2:8-20,
Luke3v21-37_Keele.mp3,Keele,Luke,3:21-37,
Luke3v7-20_Keele.mp3,Keele,Luke,3:7-20,
Luke4v1-13_Keele.mp3,Keele,Luke,4:1-13,
Luke4v14-30_Keele.mp3,Keele,Luke,4:14-30,
Luke4v31-44_Keele.mp3,Keele,Luke,4:31-44,
Luke5v1-11_Keele.mp3,Keele,Luke,5:1-11,
Luke5v12-26_Keele.mp3,Keele,Luke,5:12-26,
Luke5v27-39_Keele.mp3,Keele,Luke,5:27-39,
Luke6v1-11-Keele.mp3,Keele,Luke,6:1-11,
Luke6v12-19_Keele.mp3,Keele,Luke,6:12-19,
Luke6v20-26_Keele.mp3,Keele,Luke,6:20-26,
Luke6v27-36_Keele.mp3,Keele,Luke,6:27-36,
Luke6v37-49_Keele.mp3,Keele,Luke,6:37-49,
Luke7v1-10_Keele.mp3,Keele,Luke,7:1-10,
Luke7v11-23_Keele.mp3,Keele,Luke,7:11-23,
Luke7v24-35_Keele.mp3,Keele,Luke,7:24-35,
Luke7v36-50_Keele.mp3,Keele,Luke,7:36-50,
Luke8v1-15_Keele.mp3,Keele,Luke,8:1-15,
Luke8v22-25_Keele.mp3,Keele,Luke,8:22-25,
Luke8v26-39_Keele.mp3,Keele,Luke,8:26-39,
Luke8v40-56_Keele.mp3,Keele,Luke,8:40-56,
Luke8v9-21_Keele.mp3,Keele,Luke,8:9-21,
Luke9v10-22_Keele.mp3,Keele,Luke,9:10-22,
Luke9v1-9_Keele.mp3,Keele,Luke,9:1-9,
Luke9v23-27_Keele.mp3,Keele,Luke,9:23-27,
Luke9v37-50_Keele.mp3,Keele,Luke,9:37-50,
Luke9v51-62_Keele.mp3,Keele,Luke,9:51-62,
Mark12v13-17_lazzareschi.mp3,Lazzareschi,Mark,12:13-17,
Mark1v40-45_kelley.mp3,Kelley,Mark,1:40-45,
Mark8v11-21_Garcia.mp3,Garcia,Mark,8:11-21,
Matt10v1-23_keele.mp3,Keele,Matthew,10:1-23,
Matt10v24-42_keele.mp3,Keele,Matthew,10:24-42,
Matt11v1-15_keele.mp3,Keele,Matthew,11:1-15,
Matt11v1-24_keele.mp3,Keele,Matthew,11:1-24,
Matt1v18-25_keele.mp3,Keele,Matthew,1:18-25,
Matt12v1-21_keele.mp3,Keele,Matthew,12:1-21,
Matt12v1-8_keele.mp3,Keele,Matthew,12:1-8,
Matt12v22-30_keele.mp3,Keele,Matthew,12:22-30,
Matt12v22-37_keele.mp3,Keele,Matthew,12:22-37,
Matt12v38-50_keele.mp3,Keele,Matthew,12:38-50,
Matt13v1-17_keele.mp3,Keele,Matthew,13:1-17,
Matt13v1-23_keele.mp3,Keele,Matthew,13:1-23,
Matt13v24-43_keele.mp3,Keele,Matthew,13:24-43,
Matt13v31-35_keele.mp3,Keele,Matthew,13:31-35,
Matt13v44-52_keele.mp3,Keele,Matthew,13:44-52,
Matt13v53-58_keele.mp3,Keele,Matthew,13:53-58,
Matt14v1-13_keele.mp3,Keele,Matthew,14:1-13,
Matt15v1-20_keele.mp3,Keele,Matthew,15:1-20,
Matt16v1-12_keele.mp3,Keele,Matthew,16:1-12,
Matt16v13-20_keele.mp3,Keele,Matthew,16:13-20,
Matt16v21-28_keele.mp3,Keele,Matthew,16:21-28,
Matt17v1-13_keele.mp3,Keele,Matthew,17:1-13,
Matt17v24-27_keele.mp3,Keele,Matthew,17:24-27,
Matt18v1-14_keele.mp3,Keele,Matthew,18:1-14,
Matt18v15-35_keele.mp3,Keele,Matthew,18:15-35,
Matt18v1-5_keele.mp3,Keele,Matthew,18:1-5,
Matt19v1-12_keele.mp3,Keele,Matthew,19:1-12,
Matt19v13-15_keele.mp3,Keele,Matthew,19:13-15,
Matt19v16-30_keele.mp3,Keele,Matthew,19:16-30,
Matt19v27-20v16_keele.mp3,Keele,Matthew,19:27-20:16,
Matt20v17-28_keele.mp3,Keele,Matthew,20:17-28,
Matt20v29-34_keele.mp3,Keele,Matthew,20:29-34,
Matt21v1-11_keele.mp3,Keele,Matthew,21:1-11,
Matt21v12-22_keele.mp3,Keele,Matthew,21:12-22,
Matt2v1-12_baugh.mp3,Baugh,Matthew,2:1-12,
Matt21v23-32_keele.mp3,Keele,Matthew,21:23-32,
Matt21v33-46_keele.mp3,Keele,Matthew,21:33-46,
Matt22v1-14_keele.mp3,Keele,Matthew,22:1-14,
Matt22v15-22_keele.mp3,Keele,Matthew,22:15-22,
Matt22v23-33_keele.mp3,Keele,Matthew,22:23-33,
Matt22v34-40_keele.mp3,Keele,Matthew,22:34-40,
Matt22v41-46_keele.mp3,Keele,Matthew,22:41-46,
Matt23v1-12_keele.mp3,Keele,Matthew,23:1-12,
Matt23v13-33_keele.mp3,Keele,Matthew,23:13-33,
Matt23v29-39_keele.mp3,Keele,Matthew,23:29-39,
Matt24v1-31_keele.mp3,Keele,Matthew,24:1-31,
Matt24v32-51_keele.mp3,Keele,Matthew,24:32-51,
Matt25v1-13_keele.mp3,Keele,Matthew,25:1-13,
Matt25v31-46_keele_0.mp3,Keele,Matthew,25:31-46,
Matt26v1-16_keele.mp3,Keele,Matthew,26:1-16,
Matt26v17-30_keele.mp3,Keele,Matthew,26:17-30,
Matt26v30-35_keele.mp3,Keele,Matthew,26:30-35,
Matt26v36-46_keele.mp3,Keele,Matthew,26:36-46,
Matt26v47-56_keele.mp3,Keele,Matthew,26:47-56,
Matt26v57-68_keele.mp3,Keele,Matthew,26:57-68,
Matt26v57-75_keele.mp3,Keele,Matthew,26:57-75,
Matt27v1-10_keele.mp3,Keele,Matthew,27:1-10,
Matt27v11-26_keele.mp3,Keele,Matthew,27:11-26,
Matt27v27-31_keele.mp3,Keele,Matthew,27:27-31,
Matt27v32-38_keele.mp3,Keele,Matthew,27:32-38,
Matt27v45-50_keele.mp3,Keele,Matthew,27:45-50,
Matt27v45-56_keele.mp3,Keele,Matthew,27:45-56,
Matt27v57-66_keele.mp3,Keele,Matthew,27:57-66,
Matt27v62-28v15_keele.mp3,Keele,Matthew,27:62-28:15,
Matt28v1-10_keele.mp3,Keele,Matthew,28:1-10,
Matt28v16-20_keele.mp3,Keele,Matthew,28:16-20,
Matt3v1-2_4v17_keele_0.mp3,Keele,Matthew,3:1-2;4:17
Matt4v12-17_keele.mp3,Keele,Matthew,4:12-17,
Matt5v11-16_keele.mp3,Keele,Matthew,5:11-16,
Matt5v1-12_pt1_keele.mp3,Keele,Matthew,5:1-12,
Matt5v1-12_pt2_keele.mp3,Keele,Matthew,5:1-12,
Matt5v17-20_keele.mp3,Keele,Matthew,5:17-20,
Matt5v21-30_keele.mp3,Keele,Matthew,5:21-30,
Matt5v31-48_pt1_keele.mp3,Keele,Matthew,5:31-48,
Matt5v31-48_pt2_keele.mp3,Keele,Matthew,5:31-48,
Matt6v1-4_keele.mp3,Keele,Matthew,6:1-4,
Matt6v16-18_keele.mp3,Keele,Matthew,6:16-18,
Matt6v19-24_keele.mp3,Keele,Matthew,6:19-24,
Matt6v5-15_keele.mp3,Keele,Matthew,6:5-15,
Matt6v9-15_keele.mp3,Keele,Matthew,6:9-15,
Matt7v1-12_keele.mp3,Keele,Matthew,7:1-12,
Matt7v13-23_keele.mp3,Keele,Matthew,7:13-23,
Matt7v7-12_keele.mp3,Keele,Matthew,7:7-12,
Matt8v1-17_keele.mp3,Keele,Matthew,8:1-17,
Matt8v18-27_keele.mp3,Keele,Matthew,8:18-27,
Matt8v23-34_keele.mp3,Keele,Matthew,8:23-34,
Matt9v10-17_keele.mp3,Keele,Matthew,9:10-17,
Matt9v1-13_keele.mp3,Keele,Matthew,9:1-13,
Matt9v18-34_keele.mp3,Keele,Matthew,9:18-34,
Nehemiah11_keele.mp3,Keele,Nehemiah,11,
Nehemiah12v1-43_keele.mp3,Keele,Nehemiah,12:1-43,
Nehemiah12v44-13v14_keele.mp3,Keele,Nehemiah,12:44-13:14,
Nehemiah13v15-31_keele.mp3,Keele,Nehemiah,13:15-31,
Nehemiah6_keele.mp3,Keele,Nehemiah,6,
Nehemiah7v1-8v12_keele.mp3,Keele,Nehemiah,7:1-8:12,
Nehemiah8v13-18_keele.mp3,Keele,Nehemiah,8:13-18,
Nehemiah9v1-37_keele.mp3,Keele,Nehemiah,9:1-37,
Nehemiah9v36-10v39_keele.mp3,Keele,Nehemiah,9:36-10:39,
Numbers10_Keele.mp3,Keele,Numbers,10,
Numbers1v17-54_Keele.mp3,Keele,Numbers,1:17-54,
Numbers1v1-19_Keele.mp3,Keele,Numbers,1:1-19,
Numbers11_Keele.mp3,Keele,Numbers,11,
Numbers12_Keele.mp3,Keele,Numbers,12,
Numbers13_Keele.mp3,Keele,Numbers,13,
Numbers14_Keele.mp3,Keele,Numbers,14,
Numbers15v1-31_Keele.mp3,Keele,Numbers,15:1-31,
Numbers15v32-41_Keele.mp3,Keele,Numbers,15:32-41,
Numbers16v31-17v13_Keele.mp3,Keele,Numbers,16:31-17:13,
Numbers16v1-35_Keele.mp3,Keele,Numbers,16:1-35,
Numbers18_Keele_0.mp3,Keele,Numbers,18,
Numbers19_Keele_0.mp3,Keele,Numbers,19,
Number20v1-13_Keele.mp3,Keele,Numbers,20:1-13,
Numbers20v14-21v9_Keele.mp3,Keele,Numbers,20:14-21:9,
Numbers21v10-35_Keele.mp3,Keele,Numbers,21:10-35,
Numbers22v41-23v12_Keele.mp3,Keele,Numbers,22:41-23:12,
Numbers22_Keele.mp3,Keele,Numbers,22,
Numbers23v13-26_Keele.mp3,Keele,Numbers,23:13-26,
Numbers23v27-24v25_Keele.mp3,Keele,Numbers,23:27-24:25,
Numbers25_Keele.mp3,Keele,Numbers,25,
Numbers26_Keele.mp3,Keele,Numbers,26,
Numbers27v1-11_Keele.mp3,Keele,Numbers,27:1-11,
Numbers27v12-23_Keele.mp3,Keele,Numbers,27:12-23,
Numbers28v1-15_Keele.mp3,Keele,Numbers,28:1-15,
Numbers28v16-29v11_Keele.mp3,Keele,Numbers,28:16-29:11,
Numbers29v12-29_Keele.mp3,Keele,Numbers,29:12-29,
Numbers2_Keele.mp3,Keele,Numbers,2,
Numbers30_Keele.mp3,Keele,Numbers,30,
Numbers31_Keele.mp3,Keele,Numbers,31,
Numbers32_Keele.mp3,Keele,Numbers,32,
Numbers33_Keele.mp3,Keele,Numbers,33,
Numbers34_Keele.mp3,Keele,Numbers,34,
Numbers35_Keele.mp3,Keele,Numbers,35,
Numbers36_Keele.mp3,Keele,Numbers,36,
Numbers3_Keele.mp3,Keele,Numbers,3,
Numbers4_Keele.mp3,Keele,Numbers,4,
Numbers5v1-10_Keele.mp3,Keele,Numbers,5:1-10,
Numbers5v11-31_Keele.mp3,Keele,Numbers,5:11-31,
Numbers6v1-21_Keele.mp3,Keele,Numbers,6:1-21,
Numbers6v22-27_Keele.mp3,Keele,Numbers,6:22-27,
Numbers7_Keele.mp3,Keele,Numbers,7,
Numbers8_Keele.mp3,Keele,Numbers,8,
Numbers9v1-14_Keele.mp3,Keele,Numbers,9:1-14,
Numbers9v15-23_Keele.mp3,Keele,Numbers,9:15-23,
Proverbs1v1-7_Baugh.mp3,Baugh,Proverbs,1:1-7,
Proverbs1v8-19_Baugh.mp3,Baugh,Proverbs,1:8-19,
Proverbs28_vandrunen.mp3,VanDrunen,Proverbs,28,
Psalm133_Garcia.mp3,Garcia,Psalms,133,
Psalm16_JohnsonPaul.mp3,JohnsonPaul,Psalms,16,
Psalm23_Garcia.mp3,Garcia,Psalms,23,
Psalm24_gregga.mp3,Gregga,Psalms,24,
Psalm8_keele_0.mp3,Keele,Psalms,8,
Rev10v1-11v2_keele.mp3,Keele,Revelation,10:1-11:2,
Rev10v1-7_keele.mp3,Keele,Revelation,10:1-7,
Rev11v15-19_keele.mp3,Keele,Revelation,11:15-19,
Rev11v15-19_2_keele.mp3,Keele,Revelation,11:15-19,
Rev1v12-20_keele.mp3,Keele,Revelation,1:12-20,
Rev11v3-14_keele.mp3,Keele,Revelation,11:3-14,
Rev11v3-6_keele.mp3,Keele,Revelation,11:3-6,
Rev1v1-3_keele_0.mp3,Keele,Revelation,1:1-3,
Rev1v1-6_keele.mp3,Keele,Revelation,1:1-6,
Rev12v1-12_keele.mp3,Keele,Revelation,12:1-12,
Rev12v13-17_keele.mp3,Keele,Revelation,12:13-17,
Rev12v1-6_keele.mp3,Keele,Revelation,12:1-6,
Rev12v7-12_keele.mp3,Keele,Revelation,12:7-12,
Rev13v1-10_keele.mp3,Keele,Revelation,13:1-10,
Rev13v11-18_keele.mp3,Keele,Revelation,13:11-18,
Rev14v14-20_keele.mp3,Keele,Revelation,14:14-20,
Rev15v1-4_keele.mp3,Keele,Revelation,15:1-4,
Rev15v5-16v11_keele.mp3,Keele,Revelation,15:5-16:11,
Rev16v12-21_keele.mp3,Keele,Revelation,16:12-21,
Rev17v1-10_keele.mp3,Keele,Revelation,17:1-10,
Rev17v7-18_keele.mp3,Keele,Revelation,17:7-18,
Rev18v1-20_keele.mp3,Keele,Revelation,18:1-20,
Rev19v11-21_keele.mp3,Keele,Revelation,19:11-21,
Rev1v9-11_keele.mp3,Keele,Revelation,1:9-11,
Rev19v11-16_keele.mp3,Keele,Revelation,19:11-16,
Rev20v1-6_keele.mp3,Keele,Revelation,20:1-6,
Rev20v7-15_keele.mp3,Keele,Revelation,20:7-15,
Rev21v1-4_keele.mp3,Keele,Revelation,21:1-4,
Rev21v1-8_keele.mp3,Keele,Revelation,21:1-8,
Rev2v12-17_keele.mp3,Keele,Revelation,2:12-17,
Rev2v1-7_keele.mp3,Keele,Revelation,2:1-7,
Rev2v18-29_keele.mp3,Keele,Revelation,2:18-29,
Rev21v9-21_keele.mp3,Keele,Revelation,21:9-21,
Rev22v1-5_keele.mp3,Keele,Revelation,22:1-5,
Rev22v6-13_keele.mp3,Keele,Revelation,22:6-13,
Rev22v6-21_keele.mp3,Keele,Revelation,22:6-21,
Rev2v8-11_keele.mp3,Keele,Revelation,2:8-11,
Rev3v14-22_keele.mp3,Keele,Revelation,3:14-22,
Rev3v1-6_keele.mp3,Keele,Revelation,3:1-6,
Rev3v7-13_keele.mp3,Keele,Revelation,3:7-13,
Rev4_keele.mp3,Keele,Revelation,4,
Rev5v1-10_keele.mp3,Keele,Revelation,5:1-10,
Rev5v11-14_keele.mp3,Keele,Revelation,5:11-14,
Rev5v1-7_keele.mp3,Keele,Revelation,5:1-7,
Rev6v1-11_keele.mp3,Keele,Revelation,6:1-11,
Rev6v12-17_keele.mp3,Keele,Revelation,6:12-17,
Rev7v13-17_keele.mp3,Keele,Revelation,7:13-17,
Rev7v1-8_keele.mp3,Keele,Revelation,7:1-8,
Rev7v9-17_keele.mp3,Keele,Revelation,7:9-17,
Rev7_keele.mp3,Keele,Revelation,7,
Rev8v6-12_keele.mp3,Keele,Revelation,8:6-12,
Romans12v1-2_Fesko.mp3,Fesko,Romans,12:1-2,
Romans12v1-2_Fesko.mp3,Fesko,Romans,12:1-2,
Romans12v1-2_Fesko.mp3,Fesko,Romans,12:1-2,
